"id_empleado","id_empresa","id_empleo"
1,1,1
2,2,2
3,2,3
4,3,4
5,3,5
6,4,6
7,4,7
8,3,8
9,3,9
10,5,10
11,5,11
12,5,12
13,5,13
14,4,14
15,4,15
16,5,16
17,5,17
18,5,18
19,5,19
20,5,20
21,5,21
22,6,22
23,6,23
24,7,24
25,7,25
26,5,26
27,5,27
28,5,28
29,5,29
30,3,30
31,3,31
32,5,32
33,5,33
34,5,34
35,5,35
36,5,36
37,5,37
38,5,38
39,5,39
40,8,40
41,8,41
42,9,42
43,4,43
44,4,44
45,5,45
46,5,46
47,5,47
48,5,48
49,5,49
50,5,50
51,5,51
52,5,52
53,5,53
54,5,54
55,5,55
56,5,56
57,5,57
58,5,58
59,5,59
60,5,60
61,5,61
62,5,62
63,5,63
64,5,64
65,5,65
66,5,66
67,5,67
68,5,68
69,4,69
70,4,70
71,5,71
72,5,72
73,5,73
74,5,74
75,5,75
76,5,76
77,5,77
78,5,78
79,5,79
80,5,80
81,10,81
82,5,82
83,11,83
84,9,84
85,12,85
86,5,86
87,5,87
88,5,88
89,5,89
90,5,90
91,5,91
92,13,92
93,13,93
94,5,94
95,5,95
96,5,96
97,5,97
98,5,98
99,5,99
100,4,100
101,4,101
102,5,102
103,5,103
104,5,104
105,5,105
106,5,106
107,5,107
108,5,108
109,5,109
110,5,110
111,5,111
112,5,112
113,5,113
114,4,114
115,14,115
116,5,19
117,5,116
118,5,117
119,5,118
120,5,119
121,5,120
122,5,121
123,5,122
124,5,117
125,5,123
126,5,124
127,5,125
128,5,126
129,5,127
130,5,128
131,5,129
132,5,130
133,5,131
134,4,132
135,4,133
136,5,134
137,5,135
138,5,136
139,5,137
140,5,138
141,5,139
142,5,140
143,5,141
144,5,142
145,5,143
146,5,144
147,5,145
148,5,146
149,5,147
150,5,148
151,5,149
152,5,150
153,5,151
154,5,134
155,5,135
156,4,152
157,9,153
158,7,154
159,7,155
160,5,156
161,5,71
162,5,157
163,5,158
164,4,69
165,4,70
166,5,159
167,5,160
168,5,36
169,5,37
170,5,161
171,5,162
172,5,156
173,5,163
174,4,6
175,4,7
176,15,164
177,15,165
178,5,166
179,5,167
180,5,168
181,5,169
182,7,170
183,7,171
184,3,172
185,7,173
186,7,174
187,5,175
188,5,176
189,5,177
190,5,91
191,5,178
192,5,179
193,5,180
194,5,181
195,5,182
196,5,18
197,5,183
198,5,184
199,5,185
200,5,186
201,5,187
202,5,186
203,16,188
204,5,189
205,5,190
206,5,191
207,5,37
208,5,192
209,5,193
210,5,194
211,5,195
212,5,196
213,5,197
214,3,198
215,3,199
216,5,200
217,5,201
218,9,202
219,17,203
220,17,204
221,5,205
222,5,206
223,5,207
224,5,72
225,5,156
226,5,71
227,5,90
228,5,91
229,5,208
230,5,209
231,5,210
232,5,211
233,5,212
234,5,213
235,5,214
236,5,156
237,5,215
238,5,216
239,5,217
240,5,218
241,5,219
242,4,220
243,4,221
244,5,222
245,5,223
246,5,224
247,5,225
248,5,226
249,5,227
250,18,228
251,5,136
252,5,137
253,5,229
254,5,230
255,5,231
256,5,232
257,5,233
258,5,234
259,5,168
260,5,235
261,5,4
262,5,236
263,5,237
264,5,238
265,13,92
266,13,93
267,4,239
268,4,240
269,5,241
270,5,242
271,5,243
272,5,244
273,4,245
274,4,7
275,5,246
276,5,247
277,4,245
278,4,7
279,5,248
280,5,249
281,5,250
282,5,251
283,5,252
284,5,253
285,5,148
286,5,149
287,5,254
288,5,255
289,5,18
290,5,256
291,5,4
292,5,236
293,5,257
294,5,258
295,4,6
296,4,7
297,5,259
298,5,260
299,5,261
300,5,262
301,5,263
302,5,264
303,5,4
304,5,265
305,5,266
306,5,267
307,5,268
308,5,269
309,5,270
310,5,201
311,5,271
312,5,272
313,5,273
314,5,274
315,5,275
316,5,276
317,5,277
318,5,278
319,5,279
320,5,280
321,5,281
322,5,282
323,19,283
324,20,284
325,21,285
326,5,286
327,5,287
328,19,288
329,5,289
330,5,290
331,5,156
332,5,71
333,5,205
334,5,206
335,5,291
336,5,292
337,5,293
338,5,294
339,3,295
340,3,296
341,5,136
342,5,137
343,5,297
344,5,298
345,5,299
346,5,89
347,5,300
348,5,301
349,4,14
350,4,15
351,5,302
352,5,303
353,5,210
354,5,211
355,5,304
356,5,305
357,5,306
358,5,307
359,5,308
360,5,309
361,13,310
362,5,311
363,5,312
364,5,313
365,5,314
366,5,315
367,5,316
368,7,317
369,7,318
370,5,319
371,5,320
372,5,321
373,5,322
374,5,323
375,5,311
376,5,324
377,5,325
378,5,326
379,5,327
380,5,156
381,5,163
382,5,328
383,5,282
384,5,329
385,5,177
386,5,330
387,5,331
388,5,332
389,5,333
390,5,334
391,5,335
392,4,336
393,5,337
394,13,92
395,13,93
396,5,136
397,5,137
398,5,338
399,5,339
400,5,340
401,5,341
402,5,119
403,5,120
404,5,229
405,5,230
406,5,342
407,5,343
408,5,344
409,5,345
410,5,346
411,5,347
412,5,348
413,5,349
414,5,350
415,5,351
416,5,4
417,5,236
418,5,73
419,5,236
420,5,342
421,5,343
422,5,233
423,5,234
424,5,352
425,5,353
426,5,354
427,5,355
428,5,356
429,5,29
430,5,357
431,5,358
432,5,359
433,5,360
434,5,361
435,5,362
436,5,363
437,5,364
438,22,365
439,22,366
440,4,6
441,4,7
442,4,245
443,4,7
444,5,367
445,5,368
446,5,250
447,5,251
448,3,369
449,3,370
450,5,371
451,5,372
452,5,373
453,5,374
454,7,375
455,7,376
456,5,126
457,5,127
458,5,377
459,5,378
460,5,235
461,5,379
462,3,380
463,3,182
464,5,18
465,5,256
466,5,381
467,5,382
468,5,148
469,5,149
470,5,383
471,5,384
472,12,385
473,5,386
474,5,387
475,5,13
476,5,388
477,5,389
478,5,390
479,5,391
480,5,392
481,5,393
482,5,394
483,5,395
484,5,396
485,5,397
486,5,398
487,5,363
488,5,364
489,5,399
490,5,400
491,5,207
492,5,72
493,13,401
494,23,402
495,23,403
496,5,404
497,5,405
498,5,406
499,5,407
500,5,104
501,5,105
502,5,408
503,5,409
504,5,410
505,5,411
506,5,196
507,5,197
508,5,412
509,5,102
510,5,413
511,5,414
512,5,156
513,5,71
514,5,415
515,5,416
516,5,417
517,5,418
518,5,419
519,5,420
520,5,51
521,5,421
522,5,422
523,5,423
524,5,381
525,5,382
526,5,424
527,5,415
528,4,425
529,24,426
530,5,427
531,5,428
532,5,429
533,5,430
534,5,304
535,5,305
536,5,156
537,5,163
538,5,431
539,5,432
540,5,433
541,5,434
542,5,435
543,5,436
544,5,437
545,5,438
546,5,119
547,5,120
548,5,439
549,5,440
550,5,51
551,5,52
552,5,441
553,5,442
554,5,335
555,5,443
556,5,444
557,5,445
558,5,367
559,5,446
560,22,447
561,22,448
562,5,449
563,5,450
564,5,451
565,5,452
566,5,51
567,5,52
568,5,453
569,5,454
570,5,229
571,5,230
572,5,13
573,5,388
574,25,455
575,6,456
576,3,235
577,3,457
578,5,458
579,5,459
580,7,460
581,7,461
582,5,462
583,5,463
584,7,464
585,7,461
586,7,465
587,7,466
588,5,311
589,5,467
590,5,468
591,5,469
592,26,470
593,6,471
594,5,235
595,5,379
596,5,472
597,5,473
598,5,175
599,5,176
600,5,126
601,5,127
602,5,377
603,5,378
604,27,474
605,6,475
606,5,476
607,5,477
608,5,478
609,5,479
610,5,480
611,5,481
612,5,482
613,5,483
614,5,484
615,5,485
616,5,486
617,5,487
618,5,488
619,5,489
620,5,73
621,5,236
622,5,490
623,5,490
624,5,491
625,5,492
626,3,380
627,3,182
628,5,493
629,5,494
630,4,495
631,4,496
632,5,126
633,5,127
634,5,497
635,5,498
636,5,499
637,5,500
638,5,104
639,5,105
640,5,182
641,5,501
642,5,502
643,5,503
644,5,504
645,5,505
646,5,506
647,5,507
648,5,508
649,5,509
650,5,510
651,5,511
652,5,367
653,5,368
654,5,512
655,5,513
656,5,514
657,5,515
658,5,516
659,5,517
660,4,518
661,4,519
662,5,520
663,5,521
664,5,522
665,5,177
666,5,523
667,5,524
668,5,409
669,5,116
670,5,82
671,5,525
672,5,526
673,5,527
674,5,528
675,5,529
676,7,530
677,7,531
678,28,532
679,28,533
680,5,534
681,5,201
682,5,535
683,5,536
684,5,537
685,5,538
686,5,36
687,5,37
688,5,539
689,5,540
690,5,541
691,5,542
692,5,543
693,5,33
694,5,544
695,5,545
696,5,546
697,5,547
698,5,275
699,5,149
700,5,541
701,5,542
702,4,6
703,4,7
704,5,548
705,5,450
706,7,549
707,7,550
708,5,334
709,5,335
710,5,452
711,5,551
712,5,419
713,5,420
714,4,552
715,5,553
716,5,280
717,5,395
718,5,396
719,5,554
720,5,555
721,5,556
722,5,557
723,5,234
724,5,558
725,5,559
726,5,560
727,5,561
728,5,562
729,5,563
730,5,564
731,5,502
732,5,503
733,29,565
734,5,508
735,5,509
736,9,566
737,30,567
738,31,568
739,9,569
740,5,179
741,5,570
742,5,491
743,5,492
744,5,94
745,5,95
746,5,571
747,5,572
748,5,573
749,5,574
750,5,352
751,5,353
752,5,176
753,5,575
754,5,576
755,5,577
756,5,235
757,5,379
758,5,578
759,5,579
760,5,580
761,5,581
762,5,582
763,5,583
764,5,584
765,5,585
766,13,586
767,13,587
768,32,588
769,32,589
770,7,590
771,7,591
772,7,592
773,7,593
774,5,126
775,5,127
776,4,594
777,5,595
778,5,488
779,5,489
780,3,596
781,3,597
782,5,598
783,5,599
784,5,196
785,5,197
786,5,497
787,5,498
788,5,600
789,5,601
790,5,602
791,5,603
792,5,126
793,5,127
794,5,539
795,5,540
796,5,128
797,5,129
798,5,604
799,5,605
800,5,606
801,5,607
802,5,608
803,5,609
804,3,610
805,3,611
806,33,612
807,5,91
808,5,163
809,5,613
810,5,614
811,5,615
812,5,616
813,5,617
814,5,618
815,5,504
816,5,505
817,5,486
818,5,487
819,5,619
820,5,620
821,5,621
822,5,622
823,5,623
824,5,624
825,5,625
826,5,626
827,5,627
828,5,628
829,5,412
830,5,102
831,5,409
832,5,629
833,5,630
834,5,631
835,5,632
836,5,633
837,33,634
838,34,635
839,34,636
840,5,637
841,5,638
842,5,639
843,5,640
844,5,499
845,5,641
846,5,642
847,5,643
848,5,637
849,5,638
850,5,644
851,5,640
852,35,645
853,5,646
854,5,647
855,5,367
856,5,446
857,36,648
858,4,649
859,5,196
860,5,197
861,5,650
862,5,651
863,5,652
864,5,653
865,5,654
866,5,655
867,5,656
868,5,657
869,5,383
870,5,384
871,5,582
872,5,583
873,5,491
874,5,492
875,5,441
876,5,442
877,7,658
878,7,659
879,5,126
880,5,127
881,5,660
882,5,661
883,5,646
884,5,647
885,5,573
886,5,574
887,5,493
888,5,338
889,5,626
890,5,662
891,5,663
892,5,664
893,5,126
894,5,127
895,5,200
896,5,201
897,5,665
898,5,666
899,5,304
900,5,305
901,2,667
902,2,668
903,5,663
904,5,664
905,5,669
906,5,670
907,5,671
908,5,672
909,5,673
910,5,674
911,5,675
912,5,676
913,5,677
914,5,678
915,5,182
916,5,679
917,7,680
918,7,681
919,5,682
920,5,653
921,5,51
922,5,421
923,5,683
924,5,91
925,5,684
926,5,685
927,5,235
928,5,379
929,5,686
930,5,494
931,5,4
932,5,687
933,7,688
934,7,689
935,5,690
936,5,691
937,5,175
938,5,176
939,5,408
940,5,692
941,5,693
942,5,694
943,5,600
944,5,601
945,5,695
946,5,341
947,5,669
948,5,670
949,5,660
950,5,661
951,5,439
952,5,440
953,5,488
954,5,489
955,5,128
956,5,129
957,5,424
958,5,415
959,5,696
960,5,181
961,5,235
962,5,379
963,5,415
964,5,416
965,13,92
966,13,93
967,5,19
968,5,116
969,37,697
970,5,698
971,5,699
972,2,700
973,38,701
974,39,702
975,40,703
976,5,295
977,5,12
978,5,704
979,5,705
980,34,706
981,34,707
982,5,480
983,5,274
984,5,708
985,6,709
986,6,710
987,5,669
988,5,670
989,41,711
990,5,712
991,5,713
992,5,124
993,5,125
994,5,646
995,5,647
996,5,669
997,5,670
998,42,714
999,43,715
1000,5,508
1001,5,509
1002,5,716
1003,5,717
1004,5,652
1005,5,653
1006,5,637
1007,5,638
1008,5,650
1009,5,651
1010,5,718
1011,5,719
1012,5,304
1013,5,305
1014,5,196
1015,5,197
1016,5,720
1017,5,721
1018,5,722
1019,5,723
1020,4,724
1021,5,452
1022,5,725
1023,11,726
1024,11,727
1025,6,728
1026,6,729
1027,5,491
1028,5,492
1029,5,582
1030,5,583
1031,5,730
1032,5,731
1033,7,732
1034,7,733
1035,7,734
1036,7,735
1037,5,736
1038,5,737
1039,5,738
1040,5,739
1041,5,740
1042,5,741
1043,5,690
1044,5,691
1045,5,742
1046,5,743
1047,5,163
1048,5,744
1049,7,745
1050,7,746
1051,5,656
1052,5,657
1053,5,578
1054,5,579
1055,5,747
1056,5,748
1057,5,749
1058,5,682
1059,5,367
1060,5,446
1061,5,672
1062,5,750
1063,5,751
1064,5,752
1065,5,480
1066,5,273
1067,5,753
1068,5,90
1069,5,754
1070,5,755
1071,1,756
1072,5,660
1073,5,661
1074,5,10
1075,5,11
1076,5,757
1077,5,758
1078,5,759
1079,5,760
1080,5,488
1081,5,489
1082,5,600
1083,5,601
1084,5,761
1085,5,762
1086,5,763
1087,5,764
1088,3,765
1089,3,766
1090,5,767
1091,5,768
1092,5,769
1093,5,770
1094,5,771
1095,5,772
1096,5,773
1097,5,774
1098,5,775
1099,5,776
1100,5,775
1101,5,776
1102,5,777
1103,5,778
1104,5,779
1105,5,780
1106,5,781
1107,5,268
1108,18,782
1109,2,534
1110,2,388
1111,5,783
1112,5,784
1113,5,660
1114,5,785
1115,5,786
1116,5,787
1117,5,788
1118,5,789
1119,25,790
1120,5,791
1121,5,792
1122,5,793
1123,5,794
1124,5,795
1125,5,82
1126,5,796
1127,5,797
1128,5,798
1129,5,799
1130,5,795
1131,5,82
1132,5,539
1133,5,540
1134,5,800
1135,5,801
1136,5,802
1137,5,803
1138,5,804
1139,5,805
1140,5,806
1141,5,807
1142,5,808
1143,5,809
1144,5,810
1145,5,177
1146,5,811
1147,5,812
1148,5,813
1149,5,814
1150,5,815
1151,5,816
1152,5,329
1153,5,177
1154,5,650
1155,5,651
1156,5,270
1157,5,445
1158,5,276
1159,5,817
1160,5,818
1161,5,819
1162,5,815
1163,5,816
1164,44,820
1165,44,375
1166,9,821
1167,45,822
1168,5,823
1169,5,824
1170,5,408
1171,5,692
1172,5,491
1173,5,492
1174,5,338
1175,5,339
1176,35,825
1177,35,826
1178,5,304
1179,5,305
1180,5,582
1181,5,583
1182,5,200
1183,5,201
1184,5,578
1185,5,579
1186,5,827
1187,5,828
1188,5,827
1189,5,828
1190,5,494
1191,5,339
1192,7,829
1193,7,830
1194,5,831
1195,5,832
1196,5,833
1197,5,834
1198,5,176
1199,5,575
1200,5,669
1201,5,670
1202,5,835
1203,5,836
1204,5,672
1205,5,750
1206,5,837
1207,7,838
1208,7,839
1209,7,840
1210,5,841
1211,5,842
1212,5,410
1213,5,683
1214,5,843
1215,5,844
1216,5,429
1217,5,235
1218,5,185
1219,5,845
1220,5,810
1221,5,312
1222,13,846
1223,13,847
1224,4,575
1225,4,848
1226,5,849
1227,5,850
1228,5,126
1229,5,127
1230,18,851
1231,9,852
1232,5,233
1233,5,853
1234,5,854
1235,5,855
1236,5,175
1237,5,176
1238,5,367
1239,5,446
1240,5,856
1241,5,857
1242,5,523
1243,5,524
1244,5,757
1245,5,758
1246,5,854
1247,5,858
1248,13,859
1249,13,860
1250,13,859
1251,13,860
1252,5,861
1253,5,862
1254,5,738
1255,5,739
1256,5,863
1257,5,864
1258,46,865
1259,5,866
1260,22,867
1261,9,868
1262,5,869
1263,5,356
1264,5,469
1265,5,870
1266,5,185
1267,5,186
1268,5,187
1269,5,186
1270,5,871
1271,5,872
1272,5,873
1273,5,874
1274,5,235
1275,5,147
1276,5,875
1277,5,876
1278,7,820
1279,7,877
1280,5,783
1281,5,784
1282,5,878
1283,5,879
1284,5,880
1285,5,854
1286,5,855
1287,5,144
1288,5,122
1289,5,881
1290,5,882
1291,5,21
1292,5,883
1293,5,236
1294,5,884
1295,5,508
1296,5,509
1297,5,885
1298,5,886
1299,5,887
1300,5,888
1301,5,364
1302,5,889
1303,5,571
1304,5,572
1305,5,890
1306,5,481
1307,5,656
1308,5,657
1309,47,891
1310,5,409
1311,5,629
1312,5,892
1313,5,415
1314,5,893
1315,5,48
1316,7,894
1317,7,895
1318,5,896
1319,5,897
1320,7,898
1321,7,894
1322,19,899
1323,2,900
1324,5,207
1325,5,72
1326,7,901
1327,7,902
1328,7,903
1329,7,376
1330,5,904
1331,5,905
1332,3,906
1333,3,907
1334,5,908
1335,5,909
1336,5,910
1337,5,911
1338,13,912
1339,13,913
1340,3,914
1341,12,915
1342,9,916
1343,5,212
1344,5,213
1345,7,917
1346,7,918
1347,33,919
1348,5,920
1349,5,921
1350,5,922
1351,5,923
1352,5,924
1353,5,925
1354,5,926
1355,5,669
1356,5,670
1357,5,849
1358,5,850
1359,5,927
1360,5,832
1361,5,488
1362,5,489
1363,5,600
1364,5,601
1365,5,928
1366,5,929
1367,5,156
1368,5,71
1369,5,930
1370,5,931
1371,5,36
1372,5,37
1373,5,193
1374,5,932
1375,5,246
1376,5,247
1377,5,849
1378,5,850
1379,5,126
1380,5,127
1381,5,160
1382,5,359
1383,5,126
1384,5,127
1385,5,408
1386,5,692
1387,9,933
1388,4,934
1389,5,935
1390,5,936
1391,5,529
1392,5,548
1393,5,367
1394,5,446
1395,5,937
1396,5,72
1397,5,938
1398,5,939
1399,5,940
1400,5,941
1401,5,942
1402,5,943
1403,5,944
1404,5,945
1405,5,946
1406,5,216
1407,5,947
1408,5,548
1409,5,948
1410,5,949
1411,5,94
1412,5,95
1413,48,950
1414,5,508
1415,5,509
1416,5,951
1417,5,952
1418,5,953
1419,5,954
1420,5,869
1421,5,160
1422,4,955
1423,4,956
1424,5,957
1425,5,958
1426,5,959
1427,5,960
1428,5,650
1429,5,651
1430,5,927
1431,5,832
1432,5,961
1433,5,962
1434,5,180
1435,5,219
1436,5,963
1437,5,964
1438,5,412
1439,5,102
1440,5,319
1441,5,683
1442,5,965
1443,5,966
1444,4,967
1445,29,968
1446,49,969
1447,5,73
1448,5,236
1449,5,970
1450,5,971
1451,5,972
1452,5,973
1453,5,12
1454,5,974
1455,5,975
1456,5,976
1457,5,430
1458,5,977
1459,5,978
1460,5,979
1461,5,980
1462,5,981
1463,9,982
1464,2,983
1465,5,984
1466,5,985
1467,5,986
1468,5,272
1469,5,528
1470,5,537
1471,5,987
1472,5,988
1473,5,989
1474,5,990
1475,3,991
1476,3,992
1477,4,239
1478,4,240
1479,5,235
1480,5,993
1481,5,994
1482,5,995
1483,5,996
1484,5,997
1485,42,998
1486,50,999
1487,5,51
1488,5,52
1489,5,51
1490,5,52
1491,5,975
1492,5,1000
1493,5,683
1494,5,163
1495,5,515
1496,5,91
1497,5,1001
1498,5,1002
1499,5,19
1500,5,116
1501,5,1003
1502,5,147
1503,5,1004
1504,5,177
1505,5,1005
1506,5,1006
1507,5,494
1508,5,551
1509,5,124
1510,5,125
1511,5,235
1512,5,379
1513,41,1007
1514,5,644
1515,5,640
1516,5,716
1517,5,717
1518,5,813
1519,5,1008
1520,5,314
1521,5,1009
1522,5,1010
1523,5,1011
1524,5,315
1525,5,813
1526,5,1012
1527,5,1013
1528,4,1014
1529,51,1015
1530,5,312
1531,5,353
1532,5,126
1533,5,127
1534,5,947
1535,5,548
1536,5,849
1537,5,850
1538,5,182
1539,5,279
1540,5,1016
1541,5,193
1542,5,1017
1543,5,37
1544,5,408
1545,5,692
1546,2,1018
1547,52,1019
1548,53,1020
1549,54,1021
1550,55,1022
1551,5,1023
1552,5,954
1553,56,1024
1554,56,93
1555,4,495
1556,4,496
1557,5,1025
1558,5,1026
1559,5,539
1560,5,540
1561,5,263
1562,5,1027
1563,57,1028
1564,13,1029
1565,13,1030
1566,13,1029
1567,13,1030
1568,5,951
1569,5,952
1570,5,819
1571,5,1031
1572,5,854
1573,5,858
1574,5,73
1575,5,236
1576,5,1032
1577,5,889
1578,5,1033
1579,5,611
1580,5,972
1581,5,973
1582,5,1034
1583,5,1034
1584,5,695
1585,5,1035
1586,5,275
1587,5,917
1588,5,972
1589,5,973
1590,5,1036
1591,5,1037
1592,5,1038
1593,5,1039
1594,5,978
1595,5,312
1596,58,1040
1597,37,1041
1598,5,1042
1599,5,1043
1600,5,1044
1601,5,280
1602,5,1045
1603,5,1046
1604,56,1047
1605,56,1048
1606,5,1049
1607,5,334
1608,5,1050
1609,5,1051
1610,5,126
1611,5,127
1612,4,1052
1613,5,716
1614,5,717
1615,5,1053
1616,5,1032
1617,7,1054
1618,7,1055
1619,5,494
1620,5,551
1621,5,1056
1622,5,1057
1623,5,917
1624,5,149
1625,5,1058
1626,5,48
1627,5,669
1628,5,670
1629,5,1059
1630,5,1060
1631,5,1061
1632,5,1062
1633,5,1063
1634,5,1064
1635,5,1065
1636,5,269
1637,5,19
1638,5,1066
1639,5,1067
1640,5,1068
1641,5,1069
1642,5,1070
1643,5,1071
1644,5,1072
1645,5,1073
1646,5,1016
1647,5,1074
1648,5,1075
1649,5,810
1650,5,1076
1651,5,1077
1652,5,1078
1653,5,1079
1654,13,1031
1655,13,1080
1656,5,1081
1657,5,1082
1658,5,1083
1659,5,1084
1660,5,1085
1661,5,1086
1662,5,1087
1663,5,1088
1664,5,185
1665,5,186
1666,5,1089
1667,5,1090
1668,5,1091
1669,5,813
1670,5,1092
1671,5,1093
1672,5,416
1673,5,1094
1674,5,1095
1675,5,1096
1676,5,1097
1677,5,1098
1678,5,395
1679,5,396
1680,5,759
1681,5,760
1682,5,314
1683,5,1009
1684,4,1099
1685,5,1100
1686,5,1101
1687,5,1025
1688,5,1026
1689,5,947
1690,5,548
1691,5,177
1692,5,1102
1693,5,304
1694,5,305
1695,4,1103
1696,4,1104
1697,5,1016
1698,5,193
1699,5,1105
1700,5,1106
1701,5,1107
1702,5,1108
1703,5,1109
1704,5,1110
1705,18,1111
1706,4,1112
1707,5,263
1708,5,1113
1709,5,1114
1710,5,1115
1711,7,1116
1712,7,1117
1713,5,884
1714,5,1118
1715,5,1119
1716,5,1120
1717,5,364
1718,5,313
1719,5,1121
1720,5,1122
1721,5,1123
1722,5,1124
1723,5,1125
1724,5,1126
1725,5,1127
1726,5,1128
1727,59,1129
1728,59,1130
1729,5,1131
1730,5,1132
1731,5,849
1732,5,850
1733,5,652
1734,5,785
1735,5,12
1736,5,388
1737,5,494
1738,5,725
1739,9,1133
1740,9,1134
1741,5,1135
1742,5,1136
1743,5,1137
1744,5,1138
1745,5,951
1746,5,952
1747,5,1139
1748,5,415
1749,5,416
1750,5,417
1751,5,418
1752,5,424
1753,5,415
1754,5,1140
1755,5,1141
1756,5,1142
1757,5,1143
1758,12,1144
1759,5,1145
1760,5,1146
1761,5,1044
1762,5,280
1763,5,329
1764,5,177
1765,5,669
1766,5,670
1767,5,862
1768,5,1147
1769,5,1148
1770,5,89
1771,5,669
1772,5,670
1773,5,1149
1774,5,1150
1775,5,1151
1776,5,1152
1777,5,972
1778,5,973
1779,3,1153
1780,3,1154
1781,5,251
1782,5,1155
1783,5,280
1784,5,116
1785,5,972
1786,5,973
1787,5,1156
1788,5,1157
1789,5,280
1790,5,116
1791,5,906
1792,5,907
1793,3,116
1794,3,1158
1795,5,1075
1796,5,810
1797,7,1159
1798,7,1160
1799,5,1161
1800,5,1162
1801,7,1163
1802,7,1164
1803,5,62
1804,5,1165
1805,5,422
1806,5,1166
1807,5,235
1808,5,147
1809,5,1167
1810,5,1168
1811,9,1169
1812,5,1170
1813,5,947
1814,5,548
1815,4,1171
1816,4,1172
1817,9,1173
1818,5,1174
1819,5,1175
1820,5,951
1821,5,952
1822,4,1176
1823,5,1177
1824,5,1178
1825,5,1179
1826,5,1180
1827,5,1181
1828,5,1182
1829,5,1183
1830,5,1184
1831,5,1185
1832,5,1186
1833,5,1187
1834,5,1188
1835,5,1189
1836,5,1190
1837,5,1177
1838,5,1191
1839,5,1189
1840,5,1192
1841,5,1193
1842,5,1194
1843,5,1195
1844,5,1196
1845,5,1197
1846,5,1198
1847,5,1199
1848,5,1200
1849,5,1201
1850,60,1202
1851,36,1203
1852,5,1204
1853,5,1205
1854,5,1206
1855,5,1207
1856,5,1208
1857,5,1209
1858,35,1210
1859,35,1211
1860,5,1212
1861,5,1213
1862,5,1194
1863,5,1195
1864,3,1214
1865,3,1215
1866,5,1216
1867,5,1216
1868,36,1217
1869,9,1218
1870,5,1219
1871,5,1220
1872,5,1221
1873,5,1222
1874,61,1223
1875,5,1224
1876,5,1225
1877,5,1226
1878,5,1227
1879,5,1228
1880,5,1229
1881,5,1182
1882,5,1230
1883,5,1231
1884,5,1232
1885,5,1233
1886,5,1234
1887,5,1235
1888,5,1236
1889,5,1237
1890,5,1238
1891,5,1239
1892,5,1240
1893,5,1241
1894,5,1242
1895,5,1243
1896,7,1244
1897,7,1245
1898,5,1246
1899,5,1247
1900,5,1248
1901,5,1249
1902,5,1250
1903,5,1251
1904,5,1252
1905,5,1253
1906,5,1186
1907,5,1254
1908,5,1255
1909,5,1256
1910,5,1257
1911,5,1258
1912,5,1259
1913,5,1260
1914,5,1261
1915,5,1262
1916,5,1263
1917,5,1264
1918,62,1265
1919,5,1266
1920,63,1267
1921,5,1177
1922,5,1191
1923,5,1177
1924,5,1191
1925,5,1268
1926,5,1269
1927,7,1270
1928,7,1271
1929,5,1189
1930,5,1190
1931,5,1272
1932,5,1273
1933,5,1274
1934,5,1275
1935,5,1276
1936,5,1277
1937,5,1278
1938,5,1279
1939,5,1190
1940,5,1280
1941,13,1281
1942,13,1282
1943,5,1283
1944,5,1284
1945,5,1235
1946,5,1181
1947,9,1285
1948,64,1286
1949,5,1191
1950,5,1287
1951,5,1194
1952,5,1195
1953,13,1288
1954,13,1289
1955,5,1290
1956,5,1291
1957,5,1292
1958,5,1293
1959,5,1191
1960,5,1287
1961,5,1294
1962,5,1295
1963,5,1296
1964,5,1297
1965,5,1298
1966,5,1299
1967,5,1300
1968,5,1301
1969,5,1302
1970,5,1303
1971,16,1304
1972,5,1305
1973,5,1306
1974,5,1307
1975,5,1308
1976,5,1309
1977,5,1310
1978,5,1206
1979,5,1311
1980,5,1312
1981,5,1313
1982,5,1314
1983,5,1315
1984,5,1316
1985,5,1317
1986,5,1318
1987,5,1319
1988,5,1320
1989,5,1321
1990,5,1322
1991,5,1323
1992,5,1324
1993,5,1325
1994,5,1326
1995,5,1327
1996,5,1221
1997,5,1222
1998,5,1224
1999,5,1225
2000,5,1328
2001,5,1329
2002,5,1290
2003,5,1291
2004,5,1330
2005,5,1331
2006,5,1233
2007,5,1234
2008,5,1332
2009,5,1333
2010,34,1334
2011,34,1335
2012,7,1336
2013,7,1337
2014,13,1338
2015,13,1339
2016,5,1340
2017,5,1341
2018,33,1342
2019,5,1343
2020,5,1344
2021,5,1259
2022,5,1260
2023,65,1345
2024,4,1346
2025,5,1347
2026,5,1348
2027,5,1349
2028,5,1350
2029,5,1351
2030,5,1352
2031,5,1353
2032,5,1354
2033,9,1355
2034,19,1356
2035,66,1357
2036,5,1358
2037,5,1359
2038,13,1360
2039,13,1282
2040,5,1361
2041,5,1362
2042,4,1346
2043,5,1191
2044,5,1287
2045,5,1194
2046,5,1195
2047,13,1288
2048,13,1289
2049,5,1363
2050,5,1364
2051,5,1365
2052,5,1366
2053,5,1367
2054,5,1368
2055,5,1369
2056,5,1370
2057,5,1290
2058,5,1291
2059,5,1276
2060,5,1277
2061,4,1371
2062,5,1372
2063,5,1373
2064,5,1374
2065,5,1375
2066,5,1376
2067,5,1377
2068,5,1378
2069,5,1379
2070,5,1380
2071,5,1381
2072,5,1382
2073,5,1383
2074,5,1384
2075,5,1385
2076,5,1179
2077,5,1180
2078,5,1386
2079,5,1383
2080,5,1224
2081,5,1225
2082,5,1387
2083,5,1388
2084,5,1221
2085,5,1222
2086,5,1389
2087,5,1390
2088,5,1391
2089,5,1186
2090,5,1392
2091,5,1393
2092,5,1394
2093,5,1395
2094,35,1396
2095,35,1211
2096,5,1397
2097,5,1398
2098,5,1399
2099,5,1400
2100,5,1401
2101,5,1402
2102,5,1403
2103,5,1404
2104,5,1405
2105,5,1406
2106,5,1407
2107,5,1408
2108,5,1409
2109,5,1410
2110,5,1411
2111,5,1358
2112,5,1412
2113,67,1413
2114,67,1414
2115,7,1415
2116,7,1416
2117,5,1417
2118,5,1418
2119,5,1419
2120,2,1420
2121,30,1421
2122,68,1422
2123,5,1190
2124,5,1280
2125,5,1191
2126,5,1287
2127,5,1361
2128,5,1362
2129,2,1423
2130,5,1424
2131,5,1425
2132,5,1194
2133,5,1195
2134,5,1426
2135,5,1427
2136,5,1248
2137,5,1249
2138,5,1283
2139,5,1428
2140,13,1288
2141,13,1289
2142,5,1429
2143,5,1430
2144,5,1293
2145,5,1431
2146,5,1432
2147,5,1433
2148,3,1434
2149,3,1435
2150,69,1436
2151,6,1437
2152,6,1438
2153,5,1439
2154,5,1440
2155,5,1177
2156,5,1441
2157,5,1442
2158,5,1443
2159,5,1444
2160,5,1445
2161,3,1446
2162,3,1447
2163,5,1448
2164,5,1186
2165,5,1340
2166,5,1341
2167,5,1449
2168,5,1450
2169,7,1451
2170,7,1452
2171,5,1453
2172,5,1454
2173,19,1455
2174,5,1372
2175,5,1373
2176,5,1363
2177,5,1364
2178,5,1456
2179,5,1454
2180,5,1457
2181,5,1458
2182,5,1459
2183,5,1456
2184,5,1460
2185,5,1461
2186,5,1462
2187,5,1463
2188,5,1464
2189,5,1460
2190,5,1465
2191,5,1191
2192,35,1466
2193,35,1467
2194,5,1221
2195,5,1222
2196,5,1194
2197,5,1195
2198,5,1219
2199,5,1220
2200,13,1360
2201,13,1468
2202,5,1469
2203,5,1186
2204,5,1469
2205,5,1186
2206,33,1470
2207,70,1471
2208,4,1472
2209,4,1473
2210,5,1191
2211,5,1287
2212,5,1182
2213,5,1230
2214,5,1340
2215,5,1341
2216,4,1474
2217,5,1252
2218,5,1253
2219,5,1475
2220,5,1476
2221,5,1477
2222,5,1478
2223,5,1479
2224,5,1331
2225,5,1480
2226,5,1481
2227,5,1387
2228,5,1388
2229,5,1424
2230,5,1425
2231,5,1292
2232,5,1482
2233,5,1483
2234,5,1484
2235,1,1485
2236,5,1283
2237,5,1486
2238,13,1360
2239,13,1282
2240,5,1189
2241,5,1192
2242,5,1487
2243,5,1488
2244,5,1489
2245,5,1490
2246,7,1491
2247,7,1492
2248,5,1493
2249,5,1395
2250,13,1288
2251,13,1289
2252,5,1494
2253,5,1495
2254,71,1496
2255,35,1497
2256,5,1459
2257,5,1456
2258,7,1498
2259,7,1499
2260,5,1500
2261,5,1501
2262,5,1444
2263,5,1445
2264,5,1502
2265,5,1503
2266,5,1194
2267,5,1195
2268,5,1221
2269,5,1222
2270,5,1219
2271,5,1220
2272,5,1179
2273,5,1180
2274,3,1195
2275,3,1504
2276,5,1219
2277,5,1220
2278,59,1505
2279,59,1282
2280,5,1274
2281,5,1275
2282,5,1506
2283,5,1507
2284,5,1508
2285,5,1509
2286,5,1324
2287,5,1325
2288,5,1510
2289,5,1511
2290,5,1512
2291,5,1261
2292,5,1424
2293,5,1425
2294,5,1513
2295,5,1514
2296,72,1515
2297,5,1516
2298,5,1517
2299,5,1512
2300,5,1261
2301,5,1518
2302,5,1519
2303,5,1340
2304,5,1341
2305,5,1378
2306,5,1379
2307,5,1465
2308,5,1190
2309,5,1520
2310,5,1521
2311,5,1465
2312,5,1190
2313,7,1522
2314,7,1523
2315,5,1524
2316,5,1525
2317,5,1526
2318,5,1527
2319,5,1528
2320,5,1529
2321,5,1530
2322,5,1527
2323,5,1528
2324,5,1531
2325,5,1532
2326,5,1531
2327,5,1532
2328,5,1533
2329,5,1534
2330,5,1535
2331,5,1536
2332,5,1537
2333,5,1538
2334,5,1248
2335,5,1249
2336,73,1539
2337,5,1252
2338,5,1253
2339,13,1288
2340,13,1289
2341,5,1248
2342,5,1249
2343,5,1540
2344,5,1541
2345,5,1424
2346,5,1425
2347,5,1542
2348,5,1543
2349,5,1221
2350,5,1222
2351,5,1194
2352,5,1195
2353,5,1544
2354,5,1277
2355,5,1424
2356,5,1425
2357,5,1512
2358,5,1261
2359,74,1545
2360,4,1546
2361,5,1469
2362,5,1186
2363,5,1547
2364,5,1548
2365,5,1340
2366,5,1341
2367,5,1248
2368,5,1249
2369,7,1549
2370,7,1550
2371,5,1424
2372,5,1425
2373,5,1551
2374,5,1552
2375,5,1553
2376,5,1554
2377,5,1290
2378,5,1291
2379,4,1555
2380,26,1556
2381,11,1557
2382,11,1558
2383,5,1559
2384,5,1560
2385,5,1561
2386,5,1331
2387,5,1562
2388,5,1563
2389,5,1459
2390,5,1456
2391,5,1564
2392,5,1565
2393,5,1566
2394,5,1567
2395,5,1568
2396,5,1569
2397,5,1570
2398,5,1571
2399,5,1424
2400,5,1425
2401,5,1572
2402,5,1573
2403,5,1459
2404,5,1453
2405,5,1574
2406,5,1575
2407,5,1576
2408,5,1577
2409,5,1578
2410,5,1579
2411,5,1464
2412,5,1460
2413,5,1461
2414,5,1580
2415,5,1460
2416,5,1461
2417,75,1581
2418,5,1582
2419,5,1583
2420,5,1283
2421,5,1486
2422,5,1584
2423,5,1585
2424,5,1307
2425,5,1586
2426,5,1587
2427,5,1588
2428,76,1589
2429,5,1590
2430,5,1591
2431,5,1592
2432,5,1593
2433,5,1594
2434,5,1595
2435,5,1380
2436,5,1381
2437,5,1409
2438,5,1596
2439,5,1597
2440,5,1598
2441,5,1599
2442,5,1501
2443,5,1324
2444,5,1325
2445,13,1288
2446,13,1289
2447,5,1600
2448,5,1601
2449,5,1340
2450,5,1341
2451,7,1602
2452,7,1603
2453,5,1395
2454,5,1186
2455,5,1604
2456,5,1605
2457,5,1465
2458,5,1190
2459,5,1606
2460,5,1441
2461,4,1607
2462,4,1608
2463,5,1609
2464,5,1185
2465,5,1607
2466,5,1608
2467,5,1610
2468,5,1353
2469,5,1276
2470,5,1277
2471,7,1611
2472,4,1612
2473,42,1613
2474,3,1614
2475,3,1615
2476,5,1616
2477,5,1617
2478,5,1618
2479,5,1619
2480,5,1620
2481,5,1621
2482,4,1622
2483,5,1349
2484,5,1350
2485,5,1459
2486,5,1456
2487,7,1623
2488,7,1624
2489,5,1625
2490,5,1626
2491,5,1627
2492,5,1628
2493,5,1629
2494,5,1293
2495,5,1547
2496,5,1548
2497,5,1630
2498,5,1327
2499,5,1248
2500,5,1249
2501,5,1631
2502,2,1632
2503,5,1448
2504,5,1186
2505,5,1633
2506,5,1561
2507,5,1178
2508,5,1634
2509,5,1635
2510,5,1636
2511,5,1185
2512,5,1441
2513,5,1637
2514,5,1638
2515,5,1639
2516,5,1640
2517,5,1493
2518,5,1395
2519,5,1206
2520,5,1641
2521,5,1642
2522,5,1643
2523,5,1644
2524,5,1645
2525,5,920
2526,5,1139
2527,5,1646
2528,5,1647
2529,5,1648
2530,5,1649
2531,5,1650
2532,5,1651
2533,5,1652
2534,5,1653
2535,5,1654
2536,5,1655
2537,4,1656
2538,4,1657
2539,13,1338
2540,13,1658
2541,5,1410
2542,5,1411
2543,5,1395
2544,5,1634
2545,5,1424
2546,5,1425
2547,77,1659
2548,38,1660
2549,38,1661
2550,5,1185
2551,5,1186
2552,5,1616
2553,5,1277
2554,38,1662
2555,38,1663
2556,5,1664
2557,5,1665
2558,5,1189
2559,5,1192
2560,38,1666
2561,38,1667
2562,5,1668
2563,5,1669
2564,4,1670
2565,4,1671
2566,5,1672
2567,5,1375
2568,38,1673
2569,38,1674
2570,4,1675
2571,78,1676
2572,19,1677
2573,2,1678
2574,18,1679
2575,5,1252
2576,5,1253
2577,5,1340
2578,5,1341
2579,9,1680
2580,30,1681
2581,5,1594
2582,5,1595
2583,5,1424
2584,5,1425
2585,5,1547
2586,5,1548
2587,5,1424
2588,5,1425
2589,2,1682
2590,29,1683
2591,5,1684
2592,5,1685
2593,5,1686
2594,5,1504
2595,5,1684
2596,5,1685
2597,7,1687
2598,7,1688
2599,5,1689
2600,5,1690
2601,5,1541
2602,5,1691
2603,5,1252
2604,5,1253
2605,5,1684
2606,5,1685
2607,5,1508
2608,5,1509
2609,5,1692
2610,5,1693
2611,2,1431
2612,2,1694
2613,5,1424
2614,5,1425
2615,5,1469
2616,5,1186
2617,5,1340
2618,5,1341
2619,5,1695
2620,5,1696
2621,5,1697
2622,5,1183
2623,5,1424
2624,5,1425
2625,5,1698
2626,5,1699
2627,5,1700
2628,5,1701
2629,5,1252
2630,5,1253
2631,5,1547
2632,5,1548
2633,5,1702
2634,5,1292
2635,5,1252
2636,5,1253
2637,4,1703
2638,4,1704
2639,5,1705
2640,5,1706
2641,5,1707
2642,5,1708
2643,5,1541
2644,5,1691
2645,13,1288
2646,13,1289
2647,5,1709
2648,5,1710
2649,5,1711
2650,5,1712
2651,4,1713
2652,3,1714
2653,5,1715
2654,5,1716
2655,30,1717
2656,9,1718
2657,59,1281
2658,59,1468
2659,5,1590
2660,5,1331
2661,5,1719
2662,5,1720
2663,4,1721
2664,5,1722
2665,5,1723
2666,19,1724
2667,5,1725
2668,5,1726
2669,5,1290
2670,5,1291
2671,5,1448
2672,5,1594
2673,5,1727
2674,5,1728
2675,5,1729
2676,5,1730
2677,13,1338
2678,13,1658
2679,11,1731
2680,4,1732
2681,79,1733
2682,4,1607
2683,4,1608
2684,39,1734
2685,80,1735
2686,5,1736
2687,11,1737
2688,11,1738
2689,5,1739
2690,5,1740
2691,5,1741
2692,5,1742
2693,5,1206
2694,5,1641
2695,5,1743
2696,5,1744
2697,5,1745
2698,5,1746
2699,30,1747
2700,30,1748
2701,4,1749
2702,4,1750
2703,4,1751
2704,5,1752
2705,3,1753
2706,3,1754
2707,5,1755
2708,5,1756
2709,5,1757
2710,5,1758
2711,5,1759
2712,5,1760
2713,81,1761
2714,5,1739
2715,5,1762
2716,4,1763
2717,4,1764
2718,4,1765
2719,4,1766
2720,4,1763
2721,4,1764
2722,5,1767
2723,4,1768
2724,5,1769
2725,5,1770
2726,4,1771
2727,4,1772
2728,5,1773
2729,5,1774
2730,5,1561
2731,5,1331
2732,5,1206
2733,5,1641
2734,5,1502
2735,5,1775
2736,5,1363
2737,5,1364
2738,5,1745
2739,5,1746
2740,5,1776
2741,5,1777
2742,5,1755
2743,5,1756
2744,5,1778
2745,5,1779
2746,4,1780
2747,4,1781
2748,4,1782
2749,5,1776
2750,5,1777
2751,5,1783
2752,5,1784
2753,5,1776
2754,5,1777
2755,5,1544
2756,5,1785
2757,5,1776
2758,5,1777
2759,5,1776
2760,5,1777
2761,5,1776
2762,5,1777
2763,82,1786
2764,82,1787
2765,5,1783
2766,5,1784
2767,5,1776
2768,5,1777
2769,5,1776
2770,5,1777
2771,5,1776
2772,5,1777
2773,5,1788
2774,5,1789
2775,5,1790
2776,5,1791
2777,5,1792
2778,5,1793
2779,7,1794
2780,7,1795
2781,5,1796
2782,5,1797
2783,13,1338
2784,13,1658
2785,4,1798
2786,7,1799
2787,37,1800
2788,5,1801
2789,5,1802
2790,13,1803
2791,4,1804
2792,4,1805
2793,4,1806
2794,4,1807
2795,4,1804
2796,4,1805
2797,5,1363
2798,5,1364
2799,5,1566
2800,5,1808
2801,37,1809
2802,5,1755
2803,5,1756
2804,4,1750
2805,4,1751
2806,2,1810
2807,83,1811
2808,84,1812
2809,5,1591
2810,5,1813
2811,7,1794
2812,7,1795
2813,5,1814
2814,5,1815
2815,5,1792
2816,5,1793
2817,4,1629
2818,4,1816
2819,4,1817
2820,35,1818
2821,5,1363
2822,5,1364
2823,5,1819
2824,5,1820
2825,5,1821
2826,5,1822
2827,5,1823
2828,5,1824
2829,5,1825
2830,5,1826
2831,5,1827
2832,5,1828
2833,5,1829
2834,5,1830
2835,58,1831
2836,5,1832
2837,5,1833
2838,5,1834
2839,5,1792
2840,5,1793
2841,45,1835
2842,5,1836
2843,5,1837
2844,5,1757
2845,5,1758
2846,5,1709
2847,5,1710
2848,5,1776
2849,5,1777
2850,42,1838
2851,5,1839
2852,5,1840
2853,5,1841
2854,5,1293
2855,5,1842
2856,5,1843
2857,5,1448
2858,5,1186
2859,5,1204
2860,5,1205
2861,5,1740
2862,5,1331
2863,18,1844
2864,5,1204
2865,5,1205
2866,5,1776
2867,5,1777
2868,4,1845
2869,5,1846
2870,5,1847
2871,12,1848
2872,6,1849
2873,9,1850
2874,5,1851
2875,5,1852
2876,5,1853
2877,5,1854
2878,5,1465
2879,5,1192
2880,5,1855
2881,5,1856
2882,5,1776
2883,5,1777
2884,5,1776
2885,5,1777
2886,5,1776
2887,5,1777
2888,5,1857
2889,85,1858
2890,85,1859
2891,7,1860
2892,7,1861
2893,13,1858
2894,13,1859
2895,5,1776
2896,5,1777
2897,5,1776
2898,5,1777
2899,7,1862
2900,7,1863
2901,5,1776
2902,5,1777
2903,7,1864
2904,7,1865
2905,5,1776
2906,5,1777
2907,5,1866
2908,5,1867
2909,4,1868
2910,13,1869
2911,5,1870
2912,5,1871
2913,4,1872
2914,4,1873
2915,2,1874
2916,2,1875
2917,2,1876
2918,5,1877
2919,5,1878
2920,5,1879
2921,5,1880
2922,7,1881
2923,7,1882
2924,86,1883
2925,5,1776
2926,5,1777
2927,5,1776
2928,5,1777
2929,5,1776
2930,5,1777
2931,5,1884
2932,5,1885
2933,5,1886
2934,87,1887
2935,4,1888
2936,5,1889
2937,5,1509
2938,4,1890
2939,5,1891
2940,88,1892
2941,36,1893
2942,5,1652
2943,5,1182
2944,89,1894
2945,5,1879
2946,5,1880
2947,4,1895
2948,4,1896
2949,4,1897
2950,5,1401
2951,5,1898
2952,5,1899
2953,5,1900
2954,5,1901
2955,5,1902
2956,90,1903
2957,3,1904
2958,3,1905
2959,5,1906
2960,5,1907
2961,5,1908
2962,5,1909
2963,5,1910
2964,5,1911
2965,5,1912
2966,5,1913
2967,9,1914
2968,18,1915
2969,4,1916
2970,35,1917
2971,5,1918
2972,5,1405
2973,5,1406
2974,5,1919
2975,5,1920
2976,45,1921
2977,5,1922
2978,5,1923
2979,5,1889
2980,5,1431
2981,5,1924
2982,5,1925
2983,5,1926
2984,5,1927
2985,91,1928
2986,91,1929
2987,5,1930
2988,5,1931
2989,5,1566
2990,5,1756
2991,5,1787
2992,5,1932
2993,5,1933
2994,5,1934
2995,5,1935
2996,5,1936
2997,5,1417
2998,5,1418
2999,5,1937
3000,5,1938
3001,4,1786
3002,4,1311
3003,5,1788
3004,5,1789
3005,5,1399
3006,5,1939
3007,7,1940
3008,7,1941
3009,5,1942
3010,5,1943
3011,82,1739
3012,82,1566
3013,5,1944
3014,5,1945
3015,78,1946
3016,7,1947
3017,7,1948
3018,5,1949
3019,5,1950
3020,5,1951
3021,5,1952
3022,5,1953
3023,5,1954
3024,41,1955
3025,5,1692
3026,5,1693
3027,11,1956
3028,5,1604
3029,5,1957
3030,5,1796
3031,5,1797
3032,5,1958
3033,5,1959
3034,66,1960
3035,92,1961
3036,78,1962
3037,5,1963
3038,5,1964
3039,4,1965
3040,4,1966
3041,4,1967
3042,4,1968
3043,5,1969
3044,5,1969
3045,5,1910
3046,5,1911
3047,4,1970
3048,4,1807
3049,5,1762
3050,5,1971
3051,4,1972
3052,5,1973
3053,5,1974
3054,4,1629
3055,4,1293
3056,5,1975
3057,5,1976
3058,5,1977
3059,5,1978
3060,4,1979
3061,37,1980
3062,93,1981
3063,94,1982
3064,4,1983
3065,12,1984
3066,7,1985
3067,2,1986
3068,5,1987
3069,5,1988
3070,5,1312
3071,5,1567
3072,2,1989
3073,5,1990
3074,18,1991
3075,95,1992
3076,41,1993
3077,5,1994
3078,5,1995
3079,5,1996
3080,5,1997
3081,5,1910
3082,5,1911
3083,5,1963
3084,5,1964
3085,5,1910
3086,5,1911
3087,4,1998
3088,4,1190
3089,4,1999
3090,4,1895
3091,4,2000
3092,4,2001
3093,4,2002
3094,18,2003
3095,35,2004
3096,7,2005
3097,7,2006
3098,11,2007
3099,5,2008
3100,5,2009
3101,5,1590
3102,5,1313
3103,7,2010
3104,5,2011
3105,5,2012
3106,5,1641
3107,5,2013
3108,5,2014
3109,5,2015
3110,4,2016
3111,4,2017
3112,5,1739
3113,5,1755
3114,7,2018
3115,7,2019
3116,5,1942
3117,5,1943
3118,4,2020
3119,4,2021
3120,9,2022
3121,9,2022
3122,4,1895
3123,4,1896
3124,4,2023
3125,81,2024
3126,55,2025
3127,5,2026
3128,4,2027
3129,4,2028
3130,5,1312
3131,5,1567
3132,5,2029
3133,5,2030
3134,96,2031
3135,4,2016
3136,4,2017
3137,4,1970
3138,4,1807
3139,59,2032
3140,93,2033
3141,5,1561
3142,5,1566
3143,30,2034
3144,4,2035
3145,7,1270
3146,7,1795
3147,5,2036
3148,5,2037
3149,5,2038
3150,5,2039
3151,5,2040
3152,5,2041
3153,5,2042
3154,5,2043
3155,11,2044
3156,4,2026
3157,7,2045
3158,7,2046
3159,5,2047
3160,5,2048
3161,5,2049
3162,5,2050
3163,5,2051
3164,11,2052
3165,7,1687
3166,7,1688
3167,4,2053
3168,4,2054
3169,4,2055
3170,4,1427
3171,5,2056
3172,5,2057
3173,5,1561
3174,5,2058
3175,6,2059
3176,5,2060
3177,5,2061
3178,5,1889
3179,5,2062
3180,5,1935
3181,5,1936
3182,85,2063
3183,85,2063
3184,20,2064
3185,5,2065
3186,5,2066
3187,5,2067
3188,5,2068
3189,5,2069
3190,5,2070
3191,5,2011
3192,5,2012
3193,9,2071
3194,18,2072
3195,4,2073
3196,4,2074
3197,7,2075
3198,7,2076
3199,13,2077
3200,13,2078
3201,13,1858
3202,13,1859
3203,7,1860
3204,7,1861
3205,85,1858
3206,85,1859
3207,5,1935
3208,5,1936
3209,85,2077
3210,85,2078
3211,7,1270
3212,7,1271
3213,4,2079
3214,4,2080
3215,13,2081
3216,13,2082
3217,5,2083
3218,5,1629
3219,7,1245
3220,7,2084
3221,85,2081
3222,85,2082
3223,7,1271
3224,7,2085
3225,72,2086
3226,77,2087
3227,5,2088
3228,5,2089
3229,4,2090
3230,4,2091
3231,5,2092
3232,5,2093
3233,5,1605
3234,5,2094
3235,2,2095
3236,2,2095
3237,5,2096
3238,5,2097
3239,5,2098
3240,5,2099
3241,7,2100
3242,7,2101
3243,7,1941
3244,7,2102
3245,5,2103
3246,5,2104
3247,5,2105
3248,5,2049
3249,5,2106
3250,5,2107
3251,5,2108
3252,5,2109
3253,4,1605
3254,4,1230
3255,5,2110
3256,5,2111
3257,5,2112
3258,5,1785
3259,5,2113
3260,5,2114
3261,5,2115
3262,5,2116
3263,5,2117
3264,5,1216
3265,5,2118
3266,5,2119
3267,5,2120
3268,5,2121
3269,7,2122
3270,7,2123
3271,5,2124
3272,5,2062
3273,7,1603
3274,7,2125
3275,5,2126
3276,5,2127
3277,5,2128
3278,5,1630
3279,5,2129
3280,5,2130
3281,5,2131
3282,5,2062
3283,7,2132
3284,7,2133
3285,5,2134
3286,5,2135
3287,3,2136
3288,3,2137
3289,3,1950
3290,3,2138
3291,3,1950
3292,3,2138
3293,4,1395
3294,4,2139
3295,5,1181
3296,5,2140
3297,5,2141
3298,5,2142
3299,5,2048
3300,5,2049
3301,5,2048
3302,5,2049
3303,5,2065
3304,5,2066
3305,5,2143
3306,5,2144
3307,5,2145
3308,5,2015
3309,5,2146
3310,5,2147
3311,5,2148
3312,5,2149
3313,5,2150
3314,5,2151
3315,4,2055
3316,4,1427
3317,5,1740
3318,5,1755
3319,4,2152
3320,4,2080
3321,5,2153
3322,5,1728
3323,5,2154
3324,5,1755
3325,5,2155
3326,5,2156
3327,5,2152
3328,5,2080
3329,5,2157
3330,5,2158
3331,5,2159
3332,5,2160
3333,5,2161
3334,5,2162
3335,5,1762
3336,5,1313
3337,5,2048
3338,5,2049
3339,3,1686
3340,3,2163
3341,5,2164
3342,5,2165
3343,5,2166
3344,5,2167
3345,5,2058
3346,5,1971
3347,5,2168
3348,5,2169
3349,5,1290
3350,5,1291
3351,5,2170
3352,5,2171
3353,5,1313
3354,5,2172
3355,7,2173
3356,7,2174
3357,5,2175
3358,5,2176
3359,5,1572
3360,5,1573
3361,5,2177
3362,5,1310
3363,5,2178
3364,5,2179
3365,5,2128
3366,5,1326
3367,5,2180
3368,5,1442
3369,3,2181
3370,3,2182
3371,5,1937
3372,5,1938
3373,5,2183
3374,5,1785
3375,5,1309
3376,5,1293
3377,5,1309
3378,5,1293
3379,5,1309
3380,5,1293
3381,5,1327
3382,5,2184
3383,5,1309
3384,5,1293
3385,5,2029
3386,5,2030
3387,5,1567
3388,5,2185
3389,5,2186
3390,5,2187
3391,5,2188
3392,5,2189
3393,5,2190
3394,5,1327
3395,5,2128
3396,5,1630
3397,5,2177
3398,5,1293
3399,5,2191
3400,5,2192
3401,5,2193
3402,5,1293
3403,7,2194
3404,7,2195
3405,5,2196
3406,5,2197
3407,5,2198
3408,5,1409
3409,97,2197
3410,97,2199
3411,5,2200
3412,5,2201
3413,5,1312
3414,5,1567
3415,5,2202
3416,5,2203
3417,5,1813
3418,5,1808
3419,3,2204
3420,19,2205
3421,19,2206
3422,2,2207
3423,37,2208
3424,9,2209
3425,39,2210
3426,33,2211
3427,37,2212
3428,4,1886
3429,4,2213
3430,19,2214
3431,2,2215
3432,98,2216
3433,4,2217
3434,3,2218
3435,99,2219
3436,100,2220
3437,101,2221
3438,5,2222
3439,19,2223
3440,5,1598
3441,5,1566
3442,5,1971
3443,30,2224
3444,102,2225
3445,103,2226
3446,12,2227
3447,33,2228
3448,42,2229
3449,36,2230
3450,5,1816
3451,5,2231
3452,5,2232
3453,3,2233
3454,104,2234
3455,20,2235
3456,105,2236
3457,80,2237
3458,106,2238
3459,6,2239
3460,75,2240
3461,5,2241
3462,4,2242
3463,4,2243
3464,4,2244
3465,4,2245
3466,4,2246
3467,4,2247
3468,5,2248
3469,4,2249
3470,26,2250
3471,4,2251
3472,35,2252
3473,2,2253
3474,60,2254
3475,4,2255
3476,107,2256
3477,107,2257
3478,108,2258
3479,5,2259
3480,5,2260
3481,2,2261
3482,109,2262
3483,4,2263
3484,6,2264
3485,38,2265
3486,5,2266
3487,4,2267
3488,2,2268
3489,35,2269
3490,9,2270
3491,5,2271
3492,6,2272
3493,41,2273
3494,5,2274
3495,41,2275
3496,2,2276
3497,13,2277
3498,18,2278
3499,39,2279
3500,5,2280
3501,5,2281
3502,110,2282
3503,4,2283
3504,111,2284
3505,4,2285
3506,112,2286
3507,11,2287
3508,35,2288
3509,18,2289
3510,4,2290
3511,4,2291
3512,2,2292
3513,4,2293
3514,4,2294
3515,4,2295
3516,6,2296
3517,33,2297
3518,4,2298
3519,113,2299
3520,40,2300
3521,2,2301
3522,5,2302
3523,5,2303
3524,42,2304
3525,75,2305
3526,19,2306
3527,4,2307
3528,114,2308
3529,19,2309
3530,5,2310
3531,4,2311
3532,4,2312
3533,4,2313
3534,2,2314
3535,2,2315
3536,8,2316
3537,5,2317
3538,37,2318
3539,4,2319
3540,19,2320
3541,115,2321
3542,104,2322
3543,104,2323
3544,4,2324
3545,18,2325
3546,4,2326
3547,35,2327
3548,2,2328
3549,79,2329
3550,2,2330
3551,4,2331
3552,33,2332
3553,4,2333
3554,5,2334
3555,2,2335
3556,5,2336
3557,42,2337
3558,4,2338
3559,4,2339
3560,1,2340
3561,4,2341
3562,11,2342
3563,59,2343
3564,86,2344
3565,78,2345
3566,7,2346
3567,33,2347
3568,9,2348
3569,5,2349
3570,2,2350
3571,19,2351
3572,18,2352
3573,4,2353
3574,18,2354
3575,4,2355
3576,4,2349
3577,11,2356
3578,2,2357
3579,5,2358
3580,78,2359
3581,29,2360
3582,9,2361
3583,4,2362
3584,4,2363
3585,2,2364
3586,4,2365
3587,4,2283
3588,4,2366
3589,4,2367
3590,37,2368
3591,39,2369
3592,2,2370
3593,42,2371
3594,41,2372
3595,47,2373
3596,5,2374
3597,18,2375
3598,81,2376
3599,42,2377
3600,18,2378
3601,4,2379
3602,3,2380
3603,4,2381
3604,4,2382
3605,19,2383
3606,37,2384
3607,12,2385
3608,116,2386
3609,3,2387
3610,107,2388
3611,2,2389
3612,4,2390
3613,4,2391
3614,7,2392
3615,4,2393
3616,2,2394
3617,4,2395
3618,33,2396
3619,4,2397
3620,4,2398
3621,12,2399
3622,117,2400
3623,4,2401
3624,4,2402
3625,118,2403
3626,1,2404
3627,4,2405
3628,5,2406
3629,35,2407
3630,11,2408
3631,33,2409
3632,5,2410
3633,4,2411
3634,6,2412
3635,81,2413
3636,5,2414
3637,5,2415
3638,2,2416
3639,11,2417
3640,9,2418
3641,41,2419
3642,33,2420
3643,2,2421
3644,33,2422
3645,9,2423
3646,3,2424
3647,119,2425
3648,4,2426
3649,6,2427
3650,4,2428
3651,9,2429
3652,52,2430
3653,4,2431
3654,19,2432
3655,4,2433
3656,4,2434
3657,28,2435
3658,120,2436
3659,16,2437
3660,9,2438
3661,115,2439
3662,7,2440
3663,35,2441
3664,4,2442
3665,4,2443
3666,33,2444
3667,9,2445
3668,2,2446
3669,2,2447
3670,121,2448
3671,2,2449
3672,94,2450
3673,5,2451
3674,1,2452
3675,4,2453
3676,2,2454
3677,19,2455
3678,18,2456
3679,37,2457
3680,18,2458
3681,104,2459
3682,122,2460
3683,107,2461
3684,78,2462
3685,112,2463
3686,37,2464
3687,5,2465
3688,123,2466
3689,33,2467
3690,9,2468
3691,53,2469
3692,5,2470
3693,78,2471
3694,16,2472
3695,101,2473
3696,4,2474
3697,4,2475
3698,4,2476
3699,4,2477
3700,123,2478
3701,4,2479
3702,2,2480
3703,85,2481
3704,124,2482
3705,5,2483
3706,26,2484
3707,16,2485
3708,4,2486
3709,11,2487
3710,33,2444
3711,125,2488
3712,4,2489
3713,4,2490
3714,4,2491
3715,20,2492
3716,18,2493
3717,60,2494
3718,78,2495
3719,107,2496
3720,42,2497
3721,126,2498
3722,2,2499
3723,4,2500
3724,38,2501
3725,127,2502
3726,6,2503
3727,6,2504
3728,13,2505
3729,13,2506
3730,128,2507
3731,129,2508
3732,130,2509
3733,4,2510
3734,4,2511
3735,9,2512
3736,2,2317
3737,4,2513
3738,4,2514
3739,4,2515
3740,12,2516
3741,5,2517
3742,5,2518
3743,5,2519
3744,5,2520
3745,131,2521
3746,107,2522
3747,132,2523
3748,4,2524
3749,133,2525
3750,4,2526
3751,4,2527
3752,4,2528
3753,2,2529
3754,4,2530
3755,9,2531
